backbone,src_dataset,tgt_dataset,balanced_tasks,outlier_detectors,inference_method,n_way,n_shot,prepool_transforms,postpool_transforms,current_sequence,n_query,acc,roc_auc
wrn2810,mini_imagenet,mini_imagenet,True,knn,SimpleShot,5,1,trivial,l2_norm,"KNN(algorithm='auto', contamination=0.1, leaf_size=30, method='mean',
  metric='minkowski', metric_params=None, n_jobs=1, n_neighbors=1, p=2,
  radius=1.0)",1,0.613,0.6673
wrn2810,mini_imagenet,mini_imagenet,True,knn,SimpleShot,5,1,trivial,l2_norm,"KNN(algorithm='auto', contamination=0.1, leaf_size=30, method='mean',
  metric='minkowski', metric_params=None, n_jobs=1, n_neighbors=2, p=2,
  radius=1.0)",1,0.613,0.6563
wrn2810,mini_imagenet,mini_imagenet,True,knn,SimpleShot,5,1,trivial,l2_norm,"KNN(algorithm='auto', contamination=0.1, leaf_size=30, method='mean',
  metric='minkowski', metric_params=None, n_jobs=1, n_neighbors=3, p=2,
  radius=1.0)",1,0.613,0.6429
wrn2810,mini_imagenet,mini_imagenet,True,knn,SimpleShot,5,1,trivial,l2_norm,"KNN(algorithm='auto', contamination=0.1, leaf_size=30, method='mean',
  metric='minkowski', metric_params=None, n_jobs=1, n_neighbors=4, p=2,
  radius=1.0)",1,0.613,0.6301
wrn2810,mini_imagenet,mini_imagenet,True,knn,SimpleShot,5,1,trivial,base_centering-l2_norm,"KNN(algorithm='auto', contamination=0.1, leaf_size=30, method='mean',
  metric='minkowski', metric_params=None, n_jobs=1, n_neighbors=1, p=2,
  radius=1.0)",1,0.6279,0.6866
wrn2810,mini_imagenet,mini_imagenet,True,knn,SimpleShot,5,1,trivial,base_centering-l2_norm,"KNN(algorithm='auto', contamination=0.1, leaf_size=30, method='mean',
  metric='minkowski', metric_params=None, n_jobs=1, n_neighbors=2, p=2,
  radius=1.0)",1,0.6279,0.684
wrn2810,mini_imagenet,mini_imagenet,True,knn,SimpleShot,5,1,trivial,base_centering-l2_norm,"KNN(algorithm='auto', contamination=0.1, leaf_size=30, method='mean',
  metric='minkowski', metric_params=None, n_jobs=1, n_neighbors=3, p=2,
  radius=1.0)",1,0.6279,0.6753
wrn2810,mini_imagenet,mini_imagenet,True,knn,SimpleShot,5,1,trivial,base_centering-l2_norm,"KNN(algorithm='auto', contamination=0.1, leaf_size=30, method='mean',
  metric='minkowski', metric_params=None, n_jobs=1, n_neighbors=4, p=2,
  radius=1.0)",1,0.6279,0.6659
wrn2810,mini_imagenet,mini_imagenet,True,knn,SimpleShot,5,1,trivial,debiased_centering-l2_norm,"KNN(algorithm='auto', contamination=0.1, leaf_size=30, method='mean',
  metric='minkowski', metric_params=None, n_jobs=1, n_neighbors=1, p=2,
  radius=1.0)",1,0.6344,0.692
wrn2810,mini_imagenet,mini_imagenet,True,knn,SimpleShot,5,1,trivial,debiased_centering-l2_norm,"KNN(algorithm='auto', contamination=0.1, leaf_size=30, method='mean',
  metric='minkowski', metric_params=None, n_jobs=1, n_neighbors=2, p=2,
  radius=1.0)",1,0.6344,0.6917
wrn2810,mini_imagenet,mini_imagenet,True,knn,SimpleShot,5,1,trivial,debiased_centering-l2_norm,"KNN(algorithm='auto', contamination=0.1, leaf_size=30, method='mean',
  metric='minkowski', metric_params=None, n_jobs=1, n_neighbors=3, p=2,
  radius=1.0)",1,0.6344,0.682
wrn2810,mini_imagenet,mini_imagenet,True,knn,SimpleShot,5,1,trivial,debiased_centering-l2_norm,"KNN(algorithm='auto', contamination=0.1, leaf_size=30, method='mean',
  metric='minkowski', metric_params=None, n_jobs=1, n_neighbors=4, p=2,
  radius=1.0)",1,0.6344,0.6713
wrn2810,mini_imagenet,mini_imagenet,True,knn,SimpleShot,5,1,trivial,tarjan_centering-l2_norm,"KNN(algorithm='auto', contamination=0.1, leaf_size=30, method='mean',
  metric='minkowski', metric_params=None, n_jobs=1, n_neighbors=1, p=2,
  radius=1.0)",1,0.6108,0.6345
wrn2810,mini_imagenet,mini_imagenet,True,knn,SimpleShot,5,1,trivial,tarjan_centering-l2_norm,"KNN(algorithm='auto', contamination=0.1, leaf_size=30, method='mean',
  metric='minkowski', metric_params=None, n_jobs=1, n_neighbors=2, p=2,
  radius=1.0)",1,0.6108,0.636
wrn2810,mini_imagenet,mini_imagenet,True,knn,SimpleShot,5,1,trivial,tarjan_centering-l2_norm,"KNN(algorithm='auto', contamination=0.1, leaf_size=30, method='mean',
  metric='minkowski', metric_params=None, n_jobs=1, n_neighbors=3, p=2,
  radius=1.0)",1,0.6108,0.6303
wrn2810,mini_imagenet,mini_imagenet,True,knn,SimpleShot,5,1,trivial,tarjan_centering-l2_norm,"KNN(algorithm='auto', contamination=0.1, leaf_size=30, method='mean',
  metric='minkowski', metric_params=None, n_jobs=1, n_neighbors=4, p=2,
  radius=1.0)",1,0.6108,0.6226
wrn2810,mini_imagenet,mini_imagenet,True,knn,SimpleShot,5,1,trivial,transductive_centering-l2_norm,"KNN(algorithm='auto', contamination=0.1, leaf_size=30, method='mean',
  metric='minkowski', metric_params=None, n_jobs=1, n_neighbors=1, p=2,
  radius=1.0)",1,0.6417,0.6904
wrn2810,mini_imagenet,mini_imagenet,True,knn,SimpleShot,5,1,trivial,transductive_centering-l2_norm,"KNN(algorithm='auto', contamination=0.1, leaf_size=30, method='mean',
  metric='minkowski', metric_params=None, n_jobs=1, n_neighbors=2, p=2,
  radius=1.0)",1,0.6417,0.7008
wrn2810,mini_imagenet,mini_imagenet,True,knn,SimpleShot,5,1,trivial,transductive_centering-l2_norm,"KNN(algorithm='auto', contamination=0.1, leaf_size=30, method='mean',
  metric='minkowski', metric_params=None, n_jobs=1, n_neighbors=3, p=2,
  radius=1.0)",1,0.6417,0.6998
wrn2810,mini_imagenet,mini_imagenet,True,knn,SimpleShot,5,1,trivial,transductive_centering-l2_norm,"KNN(algorithm='auto', contamination=0.1, leaf_size=30, method='mean',
  metric='minkowski', metric_params=None, n_jobs=1, n_neighbors=4, p=2,
  radius=1.0)",1,0.6417,0.6947
wrn2810,mini_imagenet,mini_imagenet,True,knn,SimpleShot,5,1,trivial,kcenter_centering-l2_norm,"KNN(algorithm='auto', contamination=0.1, leaf_size=30, method='mean',
  metric='minkowski', metric_params=None, n_jobs=1, n_neighbors=1, p=2,
  radius=1.0)",1,0.6199,0.6497
wrn2810,mini_imagenet,mini_imagenet,True,knn,SimpleShot,5,1,trivial,kcenter_centering-l2_norm,"KNN(algorithm='auto', contamination=0.1, leaf_size=30, method='mean',
  metric='minkowski', metric_params=None, n_jobs=1, n_neighbors=2, p=2,
  radius=1.0)",1,0.6199,0.6421
wrn2810,mini_imagenet,mini_imagenet,True,knn,SimpleShot,5,1,trivial,kcenter_centering-l2_norm,"KNN(algorithm='auto', contamination=0.1, leaf_size=30, method='mean',
  metric='minkowski', metric_params=None, n_jobs=1, n_neighbors=3, p=2,
  radius=1.0)",1,0.6199,0.6302
wrn2810,mini_imagenet,mini_imagenet,True,knn,SimpleShot,5,1,trivial,kcenter_centering-l2_norm,"KNN(algorithm='auto', contamination=0.1, leaf_size=30, method='mean',
  metric='minkowski', metric_params=None, n_jobs=1, n_neighbors=4, p=2,
  radius=1.0)",1,0.6199,0.6201
wrn2810,mini_imagenet,mini_imagenet,True,knn,SimpleShot,5,1,trivial,l2_norm,"KNN(algorithm='auto', contamination=0.1, leaf_size=30, method='mean',
  metric='minkowski', metric_params=None, n_jobs=1, n_neighbors=1, p=2,
  radius=1.0)",5,0.6144,0.667
wrn2810,mini_imagenet,mini_imagenet,True,knn,SimpleShot,5,1,trivial,l2_norm,"KNN(algorithm='auto', contamination=0.1, leaf_size=30, method='mean',
  metric='minkowski', metric_params=None, n_jobs=1, n_neighbors=2, p=2,
  radius=1.0)",5,0.6144,0.6574
wrn2810,mini_imagenet,mini_imagenet,True,knn,SimpleShot,5,1,trivial,l2_norm,"KNN(algorithm='auto', contamination=0.1, leaf_size=30, method='mean',
  metric='minkowski', metric_params=None, n_jobs=1, n_neighbors=3, p=2,
  radius=1.0)",5,0.6144,0.6427
wrn2810,mini_imagenet,mini_imagenet,True,knn,SimpleShot,5,1,trivial,l2_norm,"KNN(algorithm='auto', contamination=0.1, leaf_size=30, method='mean',
  metric='minkowski', metric_params=None, n_jobs=1, n_neighbors=4, p=2,
  radius=1.0)",5,0.6144,0.6299
wrn2810,mini_imagenet,mini_imagenet,True,knn,SimpleShot,5,1,trivial,base_centering-l2_norm,"KNN(algorithm='auto', contamination=0.1, leaf_size=30, method='mean',
  metric='minkowski', metric_params=None, n_jobs=1, n_neighbors=1, p=2,
  radius=1.0)",5,0.628,0.6866
wrn2810,mini_imagenet,mini_imagenet,True,knn,SimpleShot,5,1,trivial,base_centering-l2_norm,"KNN(algorithm='auto', contamination=0.1, leaf_size=30, method='mean',
  metric='minkowski', metric_params=None, n_jobs=1, n_neighbors=2, p=2,
  radius=1.0)",5,0.628,0.6855
wrn2810,mini_imagenet,mini_imagenet,True,knn,SimpleShot,5,1,trivial,base_centering-l2_norm,"KNN(algorithm='auto', contamination=0.1, leaf_size=30, method='mean',
  metric='minkowski', metric_params=None, n_jobs=1, n_neighbors=3, p=2,
  radius=1.0)",5,0.628,0.6771
wrn2810,mini_imagenet,mini_imagenet,True,knn,SimpleShot,5,1,trivial,base_centering-l2_norm,"KNN(algorithm='auto', contamination=0.1, leaf_size=30, method='mean',
  metric='minkowski', metric_params=None, n_jobs=1, n_neighbors=4, p=2,
  radius=1.0)",5,0.628,0.6688
wrn2810,mini_imagenet,mini_imagenet,True,knn,SimpleShot,5,1,trivial,debiased_centering-l2_norm,"KNN(algorithm='auto', contamination=0.1, leaf_size=30, method='mean',
  metric='minkowski', metric_params=None, n_jobs=1, n_neighbors=1, p=2,
  radius=1.0)",5,0.629,0.7061
wrn2810,mini_imagenet,mini_imagenet,True,knn,SimpleShot,5,1,trivial,debiased_centering-l2_norm,"KNN(algorithm='auto', contamination=0.1, leaf_size=30, method='mean',
  metric='minkowski', metric_params=None, n_jobs=1, n_neighbors=2, p=2,
  radius=1.0)",5,0.629,0.7055
wrn2810,mini_imagenet,mini_imagenet,True,knn,SimpleShot,5,1,trivial,debiased_centering-l2_norm,"KNN(algorithm='auto', contamination=0.1, leaf_size=30, method='mean',
  metric='minkowski', metric_params=None, n_jobs=1, n_neighbors=3, p=2,
  radius=1.0)",5,0.629,0.6981
wrn2810,mini_imagenet,mini_imagenet,True,knn,SimpleShot,5,1,trivial,debiased_centering-l2_norm,"KNN(algorithm='auto', contamination=0.1, leaf_size=30, method='mean',
  metric='minkowski', metric_params=None, n_jobs=1, n_neighbors=4, p=2,
  radius=1.0)",5,0.629,0.6904
wrn2810,mini_imagenet,mini_imagenet,True,knn,SimpleShot,5,1,trivial,tarjan_centering-l2_norm,"KNN(algorithm='auto', contamination=0.1, leaf_size=30, method='mean',
  metric='minkowski', metric_params=None, n_jobs=1, n_neighbors=1, p=2,
  radius=1.0)",5,0.6281,0.6896
wrn2810,mini_imagenet,mini_imagenet,True,knn,SimpleShot,5,1,trivial,tarjan_centering-l2_norm,"KNN(algorithm='auto', contamination=0.1, leaf_size=30, method='mean',
  metric='minkowski', metric_params=None, n_jobs=1, n_neighbors=2, p=2,
  radius=1.0)",5,0.6281,0.7002
wrn2810,mini_imagenet,mini_imagenet,True,knn,SimpleShot,5,1,trivial,tarjan_centering-l2_norm,"KNN(algorithm='auto', contamination=0.1, leaf_size=30, method='mean',
  metric='minkowski', metric_params=None, n_jobs=1, n_neighbors=3, p=2,
  radius=1.0)",5,0.6281,0.6997
wrn2810,mini_imagenet,mini_imagenet,True,knn,SimpleShot,5,1,trivial,tarjan_centering-l2_norm,"KNN(algorithm='auto', contamination=0.1, leaf_size=30, method='mean',
  metric='minkowski', metric_params=None, n_jobs=1, n_neighbors=4, p=2,
  radius=1.0)",5,0.6281,0.6963
wrn2810,mini_imagenet,mini_imagenet,True,knn,SimpleShot,5,1,trivial,transductive_centering-l2_norm,"KNN(algorithm='auto', contamination=0.1, leaf_size=30, method='mean',
  metric='minkowski', metric_params=None, n_jobs=1, n_neighbors=1, p=2,
  radius=1.0)",5,0.6384,0.706
wrn2810,mini_imagenet,mini_imagenet,True,knn,SimpleShot,5,1,trivial,transductive_centering-l2_norm,"KNN(algorithm='auto', contamination=0.1, leaf_size=30, method='mean',
  metric='minkowski', metric_params=None, n_jobs=1, n_neighbors=2, p=2,
  radius=1.0)",5,0.6384,0.7178
wrn2810,mini_imagenet,mini_imagenet,True,knn,SimpleShot,5,1,trivial,transductive_centering-l2_norm,"KNN(algorithm='auto', contamination=0.1, leaf_size=30, method='mean',
  metric='minkowski', metric_params=None, n_jobs=1, n_neighbors=3, p=2,
  radius=1.0)",5,0.6384,0.7172
wrn2810,mini_imagenet,mini_imagenet,True,knn,SimpleShot,5,1,trivial,transductive_centering-l2_norm,"KNN(algorithm='auto', contamination=0.1, leaf_size=30, method='mean',
  metric='minkowski', metric_params=None, n_jobs=1, n_neighbors=4, p=2,
  radius=1.0)",5,0.6384,0.7129
wrn2810,mini_imagenet,mini_imagenet,True,knn,SimpleShot,5,1,trivial,kcenter_centering-l2_norm,"KNN(algorithm='auto', contamination=0.1, leaf_size=30, method='mean',
  metric='minkowski', metric_params=None, n_jobs=1, n_neighbors=1, p=2,
  radius=1.0)",5,0.6264,0.6849
wrn2810,mini_imagenet,mini_imagenet,True,knn,SimpleShot,5,1,trivial,kcenter_centering-l2_norm,"KNN(algorithm='auto', contamination=0.1, leaf_size=30, method='mean',
  metric='minkowski', metric_params=None, n_jobs=1, n_neighbors=2, p=2,
  radius=1.0)",5,0.6264,0.686
wrn2810,mini_imagenet,mini_imagenet,True,knn,SimpleShot,5,1,trivial,kcenter_centering-l2_norm,"KNN(algorithm='auto', contamination=0.1, leaf_size=30, method='mean',
  metric='minkowski', metric_params=None, n_jobs=1, n_neighbors=3, p=2,
  radius=1.0)",5,0.6264,0.677
wrn2810,mini_imagenet,mini_imagenet,True,knn,SimpleShot,5,1,trivial,kcenter_centering-l2_norm,"KNN(algorithm='auto', contamination=0.1, leaf_size=30, method='mean',
  metric='minkowski', metric_params=None, n_jobs=1, n_neighbors=4, p=2,
  radius=1.0)",5,0.6264,0.6678
wrn2810,mini_imagenet,mini_imagenet,True,knn,SimpleShot,5,1,trivial,l2_norm,"KNN(algorithm='auto', contamination=0.1, leaf_size=30, method='mean',
  metric='minkowski', metric_params=None, n_jobs=1, n_neighbors=1, p=2,
  radius=1.0)",10,0.615,0.6676
wrn2810,mini_imagenet,mini_imagenet,True,knn,SimpleShot,5,1,trivial,l2_norm,"KNN(algorithm='auto', contamination=0.1, leaf_size=30, method='mean',
  metric='minkowski', metric_params=None, n_jobs=1, n_neighbors=2, p=2,
  radius=1.0)",10,0.615,0.658
wrn2810,mini_imagenet,mini_imagenet,True,knn,SimpleShot,5,1,trivial,l2_norm,"KNN(algorithm='auto', contamination=0.1, leaf_size=30, method='mean',
  metric='minkowski', metric_params=None, n_jobs=1, n_neighbors=3, p=2,
  radius=1.0)",10,0.615,0.6436
wrn2810,mini_imagenet,mini_imagenet,True,knn,SimpleShot,5,1,trivial,l2_norm,"KNN(algorithm='auto', contamination=0.1, leaf_size=30, method='mean',
  metric='minkowski', metric_params=None, n_jobs=1, n_neighbors=4, p=2,
  radius=1.0)",10,0.615,0.6306
wrn2810,mini_imagenet,mini_imagenet,True,knn,SimpleShot,5,1,trivial,base_centering-l2_norm,"KNN(algorithm='auto', contamination=0.1, leaf_size=30, method='mean',
  metric='minkowski', metric_params=None, n_jobs=1, n_neighbors=1, p=2,
  radius=1.0)",10,0.6291,0.686
wrn2810,mini_imagenet,mini_imagenet,True,knn,SimpleShot,5,1,trivial,base_centering-l2_norm,"KNN(algorithm='auto', contamination=0.1, leaf_size=30, method='mean',
  metric='minkowski', metric_params=None, n_jobs=1, n_neighbors=2, p=2,
  radius=1.0)",10,0.6291,0.6849
wrn2810,mini_imagenet,mini_imagenet,True,knn,SimpleShot,5,1,trivial,base_centering-l2_norm,"KNN(algorithm='auto', contamination=0.1, leaf_size=30, method='mean',
  metric='minkowski', metric_params=None, n_jobs=1, n_neighbors=3, p=2,
  radius=1.0)",10,0.6291,0.6764
wrn2810,mini_imagenet,mini_imagenet,True,knn,SimpleShot,5,1,trivial,base_centering-l2_norm,"KNN(algorithm='auto', contamination=0.1, leaf_size=30, method='mean',
  metric='minkowski', metric_params=None, n_jobs=1, n_neighbors=4, p=2,
  radius=1.0)",10,0.6291,0.6676
wrn2810,mini_imagenet,mini_imagenet,True,knn,SimpleShot,5,1,trivial,debiased_centering-l2_norm,"KNN(algorithm='auto', contamination=0.1, leaf_size=30, method='mean',
  metric='minkowski', metric_params=None, n_jobs=1, n_neighbors=1, p=2,
  radius=1.0)",10,0.6287,0.7129
wrn2810,mini_imagenet,mini_imagenet,True,knn,SimpleShot,5,1,trivial,debiased_centering-l2_norm,"KNN(algorithm='auto', contamination=0.1, leaf_size=30, method='mean',
  metric='minkowski', metric_params=None, n_jobs=1, n_neighbors=2, p=2,
  radius=1.0)",10,0.6287,0.7128
wrn2810,mini_imagenet,mini_imagenet,True,knn,SimpleShot,5,1,trivial,debiased_centering-l2_norm,"KNN(algorithm='auto', contamination=0.1, leaf_size=30, method='mean',
  metric='minkowski', metric_params=None, n_jobs=1, n_neighbors=3, p=2,
  radius=1.0)",10,0.6287,0.7065
wrn2810,mini_imagenet,mini_imagenet,True,knn,SimpleShot,5,1,trivial,debiased_centering-l2_norm,"KNN(algorithm='auto', contamination=0.1, leaf_size=30, method='mean',
  metric='minkowski', metric_params=None, n_jobs=1, n_neighbors=4, p=2,
  radius=1.0)",10,0.6287,0.6995
wrn2810,mini_imagenet,mini_imagenet,True,knn,SimpleShot,5,1,trivial,tarjan_centering-l2_norm,"KNN(algorithm='auto', contamination=0.1, leaf_size=30, method='mean',
  metric='minkowski', metric_params=None, n_jobs=1, n_neighbors=1, p=2,
  radius=1.0)",10,0.6315,0.7014
wrn2810,mini_imagenet,mini_imagenet,True,knn,SimpleShot,5,1,trivial,tarjan_centering-l2_norm,"KNN(algorithm='auto', contamination=0.1, leaf_size=30, method='mean',
  metric='minkowski', metric_params=None, n_jobs=1, n_neighbors=2, p=2,
  radius=1.0)",10,0.6315,0.7123
wrn2810,mini_imagenet,mini_imagenet,True,knn,SimpleShot,5,1,trivial,tarjan_centering-l2_norm,"KNN(algorithm='auto', contamination=0.1, leaf_size=30, method='mean',
  metric='minkowski', metric_params=None, n_jobs=1, n_neighbors=3, p=2,
  radius=1.0)",10,0.6315,0.7121
wrn2810,mini_imagenet,mini_imagenet,True,knn,SimpleShot,5,1,trivial,tarjan_centering-l2_norm,"KNN(algorithm='auto', contamination=0.1, leaf_size=30, method='mean',
  metric='minkowski', metric_params=None, n_jobs=1, n_neighbors=4, p=2,
  radius=1.0)",10,0.6315,0.7078
wrn2810,mini_imagenet,mini_imagenet,True,knn,SimpleShot,5,1,trivial,transductive_centering-l2_norm,"KNN(algorithm='auto', contamination=0.1, leaf_size=30, method='mean',
  metric='minkowski', metric_params=None, n_jobs=1, n_neighbors=1, p=2,
  radius=1.0)",10,0.6371,0.7077
wrn2810,mini_imagenet,mini_imagenet,True,knn,SimpleShot,5,1,trivial,transductive_centering-l2_norm,"KNN(algorithm='auto', contamination=0.1, leaf_size=30, method='mean',
  metric='minkowski', metric_params=None, n_jobs=1, n_neighbors=2, p=2,
  radius=1.0)",10,0.6371,0.7189
wrn2810,mini_imagenet,mini_imagenet,True,knn,SimpleShot,5,1,trivial,transductive_centering-l2_norm,"KNN(algorithm='auto', contamination=0.1, leaf_size=30, method='mean',
  metric='minkowski', metric_params=None, n_jobs=1, n_neighbors=3, p=2,
  radius=1.0)",10,0.6371,0.7187
wrn2810,mini_imagenet,mini_imagenet,True,knn,SimpleShot,5,1,trivial,transductive_centering-l2_norm,"KNN(algorithm='auto', contamination=0.1, leaf_size=30, method='mean',
  metric='minkowski', metric_params=None, n_jobs=1, n_neighbors=4, p=2,
  radius=1.0)",10,0.6371,0.7143
wrn2810,mini_imagenet,mini_imagenet,True,knn,SimpleShot,5,1,trivial,kcenter_centering-l2_norm,"KNN(algorithm='auto', contamination=0.1, leaf_size=30, method='mean',
  metric='minkowski', metric_params=None, n_jobs=1, n_neighbors=1, p=2,
  radius=1.0)",10,0.6276,0.6919
wrn2810,mini_imagenet,mini_imagenet,True,knn,SimpleShot,5,1,trivial,kcenter_centering-l2_norm,"KNN(algorithm='auto', contamination=0.1, leaf_size=30, method='mean',
  metric='minkowski', metric_params=None, n_jobs=1, n_neighbors=2, p=2,
  radius=1.0)",10,0.6276,0.6943
wrn2810,mini_imagenet,mini_imagenet,True,knn,SimpleShot,5,1,trivial,kcenter_centering-l2_norm,"KNN(algorithm='auto', contamination=0.1, leaf_size=30, method='mean',
  metric='minkowski', metric_params=None, n_jobs=1, n_neighbors=3, p=2,
  radius=1.0)",10,0.6276,0.6872
wrn2810,mini_imagenet,mini_imagenet,True,knn,SimpleShot,5,1,trivial,kcenter_centering-l2_norm,"KNN(algorithm='auto', contamination=0.1, leaf_size=30, method='mean',
  metric='minkowski', metric_params=None, n_jobs=1, n_neighbors=4, p=2,
  radius=1.0)",10,0.6276,0.6785
wrn2810,mini_imagenet,mini_imagenet,True,knn,SimpleShot,5,1,trivial,l2_norm,"KNN(algorithm='auto', contamination=0.1, leaf_size=30, method='mean',
  metric='minkowski', metric_params=None, n_jobs=1, n_neighbors=1, p=2,
  radius=1.0)",15,0.612,0.6669
wrn2810,mini_imagenet,mini_imagenet,True,knn,SimpleShot,5,1,trivial,l2_norm,"KNN(algorithm='auto', contamination=0.1, leaf_size=30, method='mean',
  metric='minkowski', metric_params=None, n_jobs=1, n_neighbors=2, p=2,
  radius=1.0)",15,0.612,0.6581
wrn2810,mini_imagenet,mini_imagenet,True,knn,SimpleShot,5,1,trivial,l2_norm,"KNN(algorithm='auto', contamination=0.1, leaf_size=30, method='mean',
  metric='minkowski', metric_params=None, n_jobs=1, n_neighbors=3, p=2,
  radius=1.0)",15,0.612,0.644
wrn2810,mini_imagenet,mini_imagenet,True,knn,SimpleShot,5,1,trivial,l2_norm,"KNN(algorithm='auto', contamination=0.1, leaf_size=30, method='mean',
  metric='minkowski', metric_params=None, n_jobs=1, n_neighbors=4, p=2,
  radius=1.0)",15,0.612,0.6312
wrn2810,mini_imagenet,mini_imagenet,True,knn,SimpleShot,5,1,trivial,base_centering-l2_norm,"KNN(algorithm='auto', contamination=0.1, leaf_size=30, method='mean',
  metric='minkowski', metric_params=None, n_jobs=1, n_neighbors=1, p=2,
  radius=1.0)",15,0.6272,0.6862
wrn2810,mini_imagenet,mini_imagenet,True,knn,SimpleShot,5,1,trivial,base_centering-l2_norm,"KNN(algorithm='auto', contamination=0.1, leaf_size=30, method='mean',
  metric='minkowski', metric_params=None, n_jobs=1, n_neighbors=2, p=2,
  radius=1.0)",15,0.6272,0.6855
wrn2810,mini_imagenet,mini_imagenet,True,knn,SimpleShot,5,1,trivial,base_centering-l2_norm,"KNN(algorithm='auto', contamination=0.1, leaf_size=30, method='mean',
  metric='minkowski', metric_params=None, n_jobs=1, n_neighbors=3, p=2,
  radius=1.0)",15,0.6272,0.6769
wrn2810,mini_imagenet,mini_imagenet,True,knn,SimpleShot,5,1,trivial,base_centering-l2_norm,"KNN(algorithm='auto', contamination=0.1, leaf_size=30, method='mean',
  metric='minkowski', metric_params=None, n_jobs=1, n_neighbors=4, p=2,
  radius=1.0)",15,0.6272,0.6681
wrn2810,mini_imagenet,mini_imagenet,True,knn,SimpleShot,5,1,trivial,debiased_centering-l2_norm,"KNN(algorithm='auto', contamination=0.1, leaf_size=30, method='mean',
  metric='minkowski', metric_params=None, n_jobs=1, n_neighbors=1, p=2,
  radius=1.0)",15,0.6252,0.7144
wrn2810,mini_imagenet,mini_imagenet,True,knn,SimpleShot,5,1,trivial,debiased_centering-l2_norm,"KNN(algorithm='auto', contamination=0.1, leaf_size=30, method='mean',
  metric='minkowski', metric_params=None, n_jobs=1, n_neighbors=2, p=2,
  radius=1.0)",15,0.6252,0.7144
wrn2810,mini_imagenet,mini_imagenet,True,knn,SimpleShot,5,1,trivial,debiased_centering-l2_norm,"KNN(algorithm='auto', contamination=0.1, leaf_size=30, method='mean',
  metric='minkowski', metric_params=None, n_jobs=1, n_neighbors=3, p=2,
  radius=1.0)",15,0.6252,0.7083
wrn2810,mini_imagenet,mini_imagenet,True,knn,SimpleShot,5,1,trivial,debiased_centering-l2_norm,"KNN(algorithm='auto', contamination=0.1, leaf_size=30, method='mean',
  metric='minkowski', metric_params=None, n_jobs=1, n_neighbors=4, p=2,
  radius=1.0)",15,0.6252,0.7019
wrn2810,mini_imagenet,mini_imagenet,True,knn,SimpleShot,5,1,trivial,tarjan_centering-l2_norm,"KNN(algorithm='auto', contamination=0.1, leaf_size=30, method='mean',
  metric='minkowski', metric_params=None, n_jobs=1, n_neighbors=1, p=2,
  radius=1.0)",15,0.6313,0.7035
wrn2810,mini_imagenet,mini_imagenet,True,knn,SimpleShot,5,1,trivial,tarjan_centering-l2_norm,"KNN(algorithm='auto', contamination=0.1, leaf_size=30, method='mean',
  metric='minkowski', metric_params=None, n_jobs=1, n_neighbors=2, p=2,
  radius=1.0)",15,0.6313,0.7155
wrn2810,mini_imagenet,mini_imagenet,True,knn,SimpleShot,5,1,trivial,tarjan_centering-l2_norm,"KNN(algorithm='auto', contamination=0.1, leaf_size=30, method='mean',
  metric='minkowski', metric_params=None, n_jobs=1, n_neighbors=3, p=2,
  radius=1.0)",15,0.6313,0.7153
wrn2810,mini_imagenet,mini_imagenet,True,knn,SimpleShot,5,1,trivial,tarjan_centering-l2_norm,"KNN(algorithm='auto', contamination=0.1, leaf_size=30, method='mean',
  metric='minkowski', metric_params=None, n_jobs=1, n_neighbors=4, p=2,
  radius=1.0)",15,0.6313,0.7112
wrn2810,mini_imagenet,mini_imagenet,True,knn,SimpleShot,5,1,trivial,transductive_centering-l2_norm,"KNN(algorithm='auto', contamination=0.1, leaf_size=30, method='mean',
  metric='minkowski', metric_params=None, n_jobs=1, n_neighbors=1, p=2,
  radius=1.0)",15,0.6351,0.7082
wrn2810,mini_imagenet,mini_imagenet,True,knn,SimpleShot,5,1,trivial,transductive_centering-l2_norm,"KNN(algorithm='auto', contamination=0.1, leaf_size=30, method='mean',
  metric='minkowski', metric_params=None, n_jobs=1, n_neighbors=2, p=2,
  radius=1.0)",15,0.6351,0.7207
wrn2810,mini_imagenet,mini_imagenet,True,knn,SimpleShot,5,1,trivial,transductive_centering-l2_norm,"KNN(algorithm='auto', contamination=0.1, leaf_size=30, method='mean',
  metric='minkowski', metric_params=None, n_jobs=1, n_neighbors=3, p=2,
  radius=1.0)",15,0.6351,0.7209
wrn2810,mini_imagenet,mini_imagenet,True,knn,SimpleShot,5,1,trivial,transductive_centering-l2_norm,"KNN(algorithm='auto', contamination=0.1, leaf_size=30, method='mean',
  metric='minkowski', metric_params=None, n_jobs=1, n_neighbors=4, p=2,
  radius=1.0)",15,0.6351,0.7167
wrn2810,mini_imagenet,mini_imagenet,True,knn,SimpleShot,5,1,trivial,kcenter_centering-l2_norm,"KNN(algorithm='auto', contamination=0.1, leaf_size=30, method='mean',
  metric='minkowski', metric_params=None, n_jobs=1, n_neighbors=1, p=2,
  radius=1.0)",15,0.6257,0.6938
wrn2810,mini_imagenet,mini_imagenet,True,knn,SimpleShot,5,1,trivial,kcenter_centering-l2_norm,"KNN(algorithm='auto', contamination=0.1, leaf_size=30, method='mean',
  metric='minkowski', metric_params=None, n_jobs=1, n_neighbors=2, p=2,
  radius=1.0)",15,0.6257,0.6985
wrn2810,mini_imagenet,mini_imagenet,True,knn,SimpleShot,5,1,trivial,kcenter_centering-l2_norm,"KNN(algorithm='auto', contamination=0.1, leaf_size=30, method='mean',
  metric='minkowski', metric_params=None, n_jobs=1, n_neighbors=3, p=2,
  radius=1.0)",15,0.6257,0.6923
wrn2810,mini_imagenet,mini_imagenet,True,knn,SimpleShot,5,1,trivial,kcenter_centering-l2_norm,"KNN(algorithm='auto', contamination=0.1, leaf_size=30, method='mean',
  metric='minkowski', metric_params=None, n_jobs=1, n_neighbors=4, p=2,
  radius=1.0)",15,0.6257,0.6843
wrn2810,mini_imagenet,mini_imagenet,True,knn,SimpleShot,5,1,trivial,l2_norm,"KNN(algorithm='auto', contamination=0.1, leaf_size=30, method='mean',
  metric='minkowski', metric_params=None, n_jobs=1, n_neighbors=1, p=2,
  radius=1.0)",20,0.6144,0.6703
wrn2810,mini_imagenet,mini_imagenet,True,knn,SimpleShot,5,1,trivial,l2_norm,"KNN(algorithm='auto', contamination=0.1, leaf_size=30, method='mean',
  metric='minkowski', metric_params=None, n_jobs=1, n_neighbors=2, p=2,
  radius=1.0)",20,0.6144,0.661
wrn2810,mini_imagenet,mini_imagenet,True,knn,SimpleShot,5,1,trivial,l2_norm,"KNN(algorithm='auto', contamination=0.1, leaf_size=30, method='mean',
  metric='minkowski', metric_params=None, n_jobs=1, n_neighbors=3, p=2,
  radius=1.0)",20,0.6144,0.6467
wrn2810,mini_imagenet,mini_imagenet,True,knn,SimpleShot,5,1,trivial,l2_norm,"KNN(algorithm='auto', contamination=0.1, leaf_size=30, method='mean',
  metric='minkowski', metric_params=None, n_jobs=1, n_neighbors=4, p=2,
  radius=1.0)",20,0.6144,0.6334
wrn2810,mini_imagenet,mini_imagenet,True,knn,SimpleShot,5,1,trivial,base_centering-l2_norm,"KNN(algorithm='auto', contamination=0.1, leaf_size=30, method='mean',
  metric='minkowski', metric_params=None, n_jobs=1, n_neighbors=1, p=2,
  radius=1.0)",20,0.6286,0.6899
wrn2810,mini_imagenet,mini_imagenet,True,knn,SimpleShot,5,1,trivial,base_centering-l2_norm,"KNN(algorithm='auto', contamination=0.1, leaf_size=30, method='mean',
  metric='minkowski', metric_params=None, n_jobs=1, n_neighbors=2, p=2,
  radius=1.0)",20,0.6286,0.6884
wrn2810,mini_imagenet,mini_imagenet,True,knn,SimpleShot,5,1,trivial,base_centering-l2_norm,"KNN(algorithm='auto', contamination=0.1, leaf_size=30, method='mean',
  metric='minkowski', metric_params=None, n_jobs=1, n_neighbors=3, p=2,
  radius=1.0)",20,0.6286,0.6795
wrn2810,mini_imagenet,mini_imagenet,True,knn,SimpleShot,5,1,trivial,base_centering-l2_norm,"KNN(algorithm='auto', contamination=0.1, leaf_size=30, method='mean',
  metric='minkowski', metric_params=None, n_jobs=1, n_neighbors=4, p=2,
  radius=1.0)",20,0.6286,0.6705
wrn2810,mini_imagenet,mini_imagenet,True,knn,SimpleShot,5,1,trivial,debiased_centering-l2_norm,"KNN(algorithm='auto', contamination=0.1, leaf_size=30, method='mean',
  metric='minkowski', metric_params=None, n_jobs=1, n_neighbors=1, p=2,
  radius=1.0)",20,0.626,0.7197
wrn2810,mini_imagenet,mini_imagenet,True,knn,SimpleShot,5,1,trivial,debiased_centering-l2_norm,"KNN(algorithm='auto', contamination=0.1, leaf_size=30, method='mean',
  metric='minkowski', metric_params=None, n_jobs=1, n_neighbors=2, p=2,
  radius=1.0)",20,0.626,0.7193
wrn2810,mini_imagenet,mini_imagenet,True,knn,SimpleShot,5,1,trivial,debiased_centering-l2_norm,"KNN(algorithm='auto', contamination=0.1, leaf_size=30, method='mean',
  metric='minkowski', metric_params=None, n_jobs=1, n_neighbors=3, p=2,
  radius=1.0)",20,0.626,0.7133
wrn2810,mini_imagenet,mini_imagenet,True,knn,SimpleShot,5,1,trivial,debiased_centering-l2_norm,"KNN(algorithm='auto', contamination=0.1, leaf_size=30, method='mean',
  metric='minkowski', metric_params=None, n_jobs=1, n_neighbors=4, p=2,
  radius=1.0)",20,0.626,0.7069
wrn2810,mini_imagenet,mini_imagenet,True,knn,SimpleShot,5,1,trivial,tarjan_centering-l2_norm,"KNN(algorithm='auto', contamination=0.1, leaf_size=30, method='mean',
  metric='minkowski', metric_params=None, n_jobs=1, n_neighbors=1, p=2,
  radius=1.0)",20,0.634,0.7086
wrn2810,mini_imagenet,mini_imagenet,True,knn,SimpleShot,5,1,trivial,tarjan_centering-l2_norm,"KNN(algorithm='auto', contamination=0.1, leaf_size=30, method='mean',
  metric='minkowski', metric_params=None, n_jobs=1, n_neighbors=2, p=2,
  radius=1.0)",20,0.634,0.7198
wrn2810,mini_imagenet,mini_imagenet,True,knn,SimpleShot,5,1,trivial,tarjan_centering-l2_norm,"KNN(algorithm='auto', contamination=0.1, leaf_size=30, method='mean',
  metric='minkowski', metric_params=None, n_jobs=1, n_neighbors=3, p=2,
  radius=1.0)",20,0.634,0.7198
wrn2810,mini_imagenet,mini_imagenet,True,knn,SimpleShot,5,1,trivial,tarjan_centering-l2_norm,"KNN(algorithm='auto', contamination=0.1, leaf_size=30, method='mean',
  metric='minkowski', metric_params=None, n_jobs=1, n_neighbors=4, p=2,
  radius=1.0)",20,0.634,0.7159
wrn2810,mini_imagenet,mini_imagenet,True,knn,SimpleShot,5,1,trivial,transductive_centering-l2_norm,"KNN(algorithm='auto', contamination=0.1, leaf_size=30, method='mean',
  metric='minkowski', metric_params=None, n_jobs=1, n_neighbors=1, p=2,
  radius=1.0)",20,0.6369,0.7119
wrn2810,mini_imagenet,mini_imagenet,True,knn,SimpleShot,5,1,trivial,transductive_centering-l2_norm,"KNN(algorithm='auto', contamination=0.1, leaf_size=30, method='mean',
  metric='minkowski', metric_params=None, n_jobs=1, n_neighbors=2, p=2,
  radius=1.0)",20,0.6369,0.7234
wrn2810,mini_imagenet,mini_imagenet,True,knn,SimpleShot,5,1,trivial,transductive_centering-l2_norm,"KNN(algorithm='auto', contamination=0.1, leaf_size=30, method='mean',
  metric='minkowski', metric_params=None, n_jobs=1, n_neighbors=3, p=2,
  radius=1.0)",20,0.6369,0.7234
wrn2810,mini_imagenet,mini_imagenet,True,knn,SimpleShot,5,1,trivial,transductive_centering-l2_norm,"KNN(algorithm='auto', contamination=0.1, leaf_size=30, method='mean',
  metric='minkowski', metric_params=None, n_jobs=1, n_neighbors=4, p=2,
  radius=1.0)",20,0.6369,0.7191
wrn2810,mini_imagenet,mini_imagenet,True,knn,SimpleShot,5,1,trivial,kcenter_centering-l2_norm,"KNN(algorithm='auto', contamination=0.1, leaf_size=30, method='mean',
  metric='minkowski', metric_params=None, n_jobs=1, n_neighbors=1, p=2,
  radius=1.0)",20,0.6286,0.6986
wrn2810,mini_imagenet,mini_imagenet,True,knn,SimpleShot,5,1,trivial,kcenter_centering-l2_norm,"KNN(algorithm='auto', contamination=0.1, leaf_size=30, method='mean',
  metric='minkowski', metric_params=None, n_jobs=1, n_neighbors=2, p=2,
  radius=1.0)",20,0.6286,0.7028
wrn2810,mini_imagenet,mini_imagenet,True,knn,SimpleShot,5,1,trivial,kcenter_centering-l2_norm,"KNN(algorithm='auto', contamination=0.1, leaf_size=30, method='mean',
  metric='minkowski', metric_params=None, n_jobs=1, n_neighbors=3, p=2,
  radius=1.0)",20,0.6286,0.6969
wrn2810,mini_imagenet,mini_imagenet,True,knn,SimpleShot,5,1,trivial,kcenter_centering-l2_norm,"KNN(algorithm='auto', contamination=0.1, leaf_size=30, method='mean',
  metric='minkowski', metric_params=None, n_jobs=1, n_neighbors=4, p=2,
  radius=1.0)",20,0.6286,0.6891
